,TPK DKI JAKARTA,Data Inflasi,monthly_hotel_accomodation_gt,monthly_air_transportation_gt,monthly_sea_transportation_gt,monthly_land_transportation_gt,monthly_kurs_jual,monthly_culinary_shopping_gt,monthly_vacation_venue_gt,monthly_holiday_count,Kunjungan Wisnus DKI Jakarta,is_national_holiday,is_educational_holiday,is_covid
2019-01-31,69.84,2.82,30.763548387096773,15.959354838709677,0.4038709677419355,11.800645161290323,14227.774193548386,50.56548387096774,33.07032258064516,12,5397751,1,1,0
2019-02-28,63.37,2.5700000000000003,29.932142857142857,14.406071428571428,0.3892857142857143,10.479285714285714,14098.17857142857,48.045,29.959285714285716,9,4349186,1,0,0
2019-03-31,59.56,2.48,30.621935483870967,14.055806451612904,0.5993548387096773,11.52741935483871,14289.870967741936,49.54741935483871,28.529032258064515,11,4859467,1,0,0
2019-04-30,58.92,2.83,31.877666666666666,14.0,0.8753333333333334,12.705666666666668,14199.8,51.751666666666665,33.501666666666665,11,4798553,1,0,0
2019-05-31,54.32,3.32,30.25483870967742,14.290322580645162,1.6435483870967742,11.708709677419355,14455.645161290322,53.23645161290323,22.35967741935484,12,4428139,1,1,0
2019-06-30,50.51,3.2800000000000002,35.595,17.63566666666667,2.062,18.648333333333333,14326.6,64.84700000000001,48.508,15,5181301,1,0,0
2019-07-31,64.15,3.32,36.803870967741936,16.833225806451615,0.8606451612903225,14.957096774193548,14108.709677419354,57.62032258064516,35.534516129032255,18,5727689,0,1,0
2019-08-31,58.11,3.49,33.111935483870965,14.57774193548387,0.34258064516129033,11.88225806451613,14307.935483870968,52.648709677419355,36.8041935483871,9,5927808,1,0,0
2019-09-30,58.97,3.39,34.30433333333334,14.795,0.29733333333333334,11.050333333333333,14178.733333333334,50.65,33.05433333333333,9,5562321,1,0,0
2019-10-31,62.67,3.1300000000000003,34.534838709677416,15.231935483870968,0.7383870967741936,11.736774193548387,14186.05258064516,50.31548387096774,30.831935483870968,8,6491736,0,0,0
2019-11-30,64.17,3.0,37.977,16.640333333333334,0.8563333333333334,13.586333333333334,14136.365666666667,54.707,31.339999999999996,9,6602925,1,0,0
2019-12-31,61.59,2.7199999999999998,41.291935483870965,16.95387096774194,1.187741935483871,15.69032258064516,14080.732903225806,64.49774193548387,57.291935483870965,16,5290943,1,1,0
2020-01-31,51.37,2.68,32.05483870967742,17.53806451612903,0.5312903225806451,11.862903225806452,13806.561612903224,51.49,33.2858064516129,11,4285490,1,1,0
2020-02-29,54.28,2.98,32.11,15.907931034482758,0.21241379310344827,11.277586206896553,13859.160689655171,50.72379310344827,29.049310344827585,9,3980736,0,0,0
2020-03-31,36.93,2.96,18.4541935483871,13.345161290322581,0.17516129032258063,6.091290322580646,15367.91064516129,30.06709677419355,16.280322580645162,10,2731511,1,0,1
2020-04-30,19.84,2.67,8.566,6.8100000000000005,0.13933333333333334,2.4376666666666664,15949.889,10.613333333333333,10.285666666666666,11,800210,1,1,1
2020-05-31,24.32,2.19,10.212903225806452,6.542903225806452,0.06548387096774194,2.6887096774193546,14953.916774193547,13.164193548387097,9.33774193548387,22,1102095,1,1,1
2020-06-30,26.47,1.96,14.484,8.523666666666667,0.478,6.078333333333333,14275.726,23.824666666666666,17.854333333333333,11,1730939,1,1,1
2020-07-31,41.03,1.54,16.093548387096774,7.956451612903226,0.15870967741935485,4.913870967741936,14668.65806451613,25.17806451612903,16.537419354838708,17,2338540,1,1,1
2020-08-31,36.18,1.32,17.057096774193546,7.5845161290322585,0.33838709677419354,5.18258064516129,14814.480322580646,26.391935483870967,22.978709677419356,13,2588398,1,0,1
2020-09-30,38.96,1.4200000000000002,13.082333333333334,7.179,0.11433333333333333,3.9883333333333337,14923.414666666667,17.947999999999997,18.35,8,1961247,0,0,1
2020-10-31,44.33,1.44,14.999032258064517,7.0525806451612905,0.2558064516129032,4.898387096774194,14825.405483870967,19.120322580645162,17.815806451612904,12,2466514,1,0,1
2020-11-30,45.63,1.59,18.780666666666665,9.961333333333334,0.3703333333333333,5.775333333333334,14301.051666666666,26.537333333333333,18.714000000000002,9,3248857,0,0,1
2020-12-31,45.4,1.68,22.286774193548386,12.446451612903225,0.642258064516129,5.960967741935485,14241.661935483871,31.134516129032257,19.853548387096776,18,3679663,1,1,1
2021-01-31,41.12,1.55,16.336129032258064,10.824193548387097,0.2464516129032258,3.728709677419355,14123.980645161291,25.139032258064518,18.93903225806452,11,2617796,1,0,1
2021-02-28,41.53,1.38,16.055357142857144,8.417857142857143,0.3892857142857143,3.9546428571428573,14124.917857142858,24.264999999999997,13.102500000000001,9,3090473,1,0,1
2021-03-31,45.11,1.37,17.82935483870968,9.333225806451612,0.5016129032258064,4.643225806451613,14491.323548387098,29.41516129032258,17.732580645161292,9,3558538,1,0,1
2021-04-30,46.59,1.4200000000000002,18.748,10.613666666666667,0.21833333333333332,4.743666666666667,14635.749666666667,33.10666666666667,19.294666666666668,12,3486742,1,1,1
2021-05-31,45.23,1.68,19.59258064516129,8.946451612903225,0.3693548387096774,5.426129032258065,14395.72,39.97387096774194,29.04,21,3671451,1,1,1
2021-06-30,51.9,1.3299999999999998,19.592333333333332,10.188333333333333,0.32733333333333337,4.7716666666666665,14411.199333333332,29.41433333333333,18.871666666666666,12,3020770,1,1,1
2021-07-31,31.72,1.52,10.78032258064516,7.017741935483872,0.24354838709677418,2.592258064516129,14588.095483870968,10.035483870967743,7.8025806451612905,17,1516119,1,1,0
2021-08-31,30.8,1.59,10.932903225806452,6.1890322580645165,0.4532258064516129,3.314193548387097,14475.244193548388,16.934193548387096,14.523548387096774,11,2149334,1,0,0
2021-09-30,42.62,1.6,15.325,7.269,0.23733333333333334,4.182666666666667,14324.301333333333,23.255333333333333,18.08833333333333,8,2914875,0,0,0
2021-10-31,50.61,1.66,18.781612903225806,9.084193548387097,0.3629032258064516,5.201935483870967,14263.31935483871,29.503870967741936,20.74838709677419,11,3590483,1,0,0
2021-11-30,53.33,1.7500000000000002,20.497666666666667,10.296666666666669,0.25666666666666665,5.730666666666667,14340.180333333334,31.613666666666667,21.865333333333336,8,3503961,0,0,0
2021-12-31,58.79,1.87,24.669677419354837,10.976774193548387,0.35645161290322586,6.307096774193549,14402.657741935484,40.704193548387096,26.548709677419353,18,4513926,1,1,0
2022-01-31,52.26,2.18,19.256129032258066,11.037741935483872,0.18161290322580645,5.365483870967743,14406.904193548386,37.01903225806451,24.978387096774192,10,3619251,1,0,0
2022-02-28,46.05,2.06,15.906428571428572,9.53357142857143,0.5803571428571429,5.126071428571429,14427.71107142857,27.910357142857144,18.09392857142857,10,2756201,1,0,0
2022-03-31,52.7,2.64,17.76516129032258,12.13225806451613,0.7254838709677419,6.727741935483871,14419.58064516129,33.62645161290323,21.19741935483871,9,4586681,1,0,0
2022-04-30,45.83,3.47,19.370666666666672,13.72,0.9753333333333333,7.884333333333333,14440.814,41.03366666666667,15.620333333333331,14,3999014,1,1,0
2022-05-31,51.79,3.55,21.82935483870968,15.843870967741937,1.161935483870968,10.739354838709676,14641.555483870967,46.667419354838714,43.92709677419355,19,5358565,1,1,0
2022-06-30,54.32,4.35,21.020333333333333,13.960666666666667,1.1303333333333332,9.506666666666666,14753.402,40.54333333333333,29.294333333333334,13,5251021,1,1,0
2022-07-31,54.49,4.9399999999999995,20.123548387096776,13.045806451612904,1.0667741935483872,9.17290322580645,15052.696451612905,40.51709677419355,27.42548387096774,16,4623932,1,1,0
2022-08-31,54.76,4.6899999999999995,17.708709677419357,12.528709677419354,0.9441935483870968,7.672258064516128,14913.195483870968,36.564516129032256,26.02774193548387,9,4521438,1,0,0
2022-09-30,54.03,5.949999999999999,18.215666666666667,12.141333333333334,0.9473333333333334,7.829999999999999,15035.435666666666,38.10066666666667,24.541333333333334,8,5423854,0,0,0
2022-10-31,56.54,5.71,19.271290322580647,11.902903225806451,0.6361290322580645,7.99,15490.194516129031,36.965161290322584,25.878709677419355,10,5504491,1,0,0
2022-11-30,60.81,5.42,18.929,11.393,0.748,7.319,15733.945666666667,33.92633333333333,24.861,8,4757430,0,0,0
2022-12-31,59.63,5.510000000000001,22.54,12.290322580645162,0.8619354838709677,8.360322580645162,15677.933870967743,43.63225806451614,33.16516129032258,19,5606163,1,1,0
2023-01-31,48.4,5.28,18.169032258064515,12.692580645161291,0.8332258064516129,8.101290322580645,15358.18258064516,40.84032258064516,27.131290322580643,10,6440619,1,0,0
2023-02-28,52.62,5.47,19.20607142857143,12.82642857142857,0.8714285714285713,6.982857142857143,15197.968928571428,37.271428571428565,22.36285714285714,8,5764546,1,0,0
2023-03-31,53.37,4.97,19.16483870967742,12.80258064516129,0.9258064516129032,6.968387096774194,15388.397741935485,37.20193548387097,19.284193548387094,11,5102411,1,1,0
2023-04-30,42.52,4.33,17.613333333333333,13.480333333333334,1.2893333333333332,8.667333333333334,14915.138,44.64633333333334,28.076,19,3818359,1,1,0
2023-05-31,50.75,4.0,19.129354838709677,13.426451612903227,1.0412903225806451,8.359032258064516,14887.162903225806,38.36806451612903,26.001612903225805,10,4205052,1,0,0
2023-06-30,55.6,3.52,20.44,13.801666666666668,1.0373333333333334,9.010666666666667,15023.610333333334,42.281333333333336,28.402,15,4741778,1,1,0
2023-07-31,55.5,3.08,20.080967741935485,13.456129032258064,1.0574193548387096,8.236129032258065,15112.898709677418,43.428709677419356,25.35,18,4765407,1,1,0
2023-08-31,55.86,3.27,18.42451612903226,12.149999999999999,0.8603225806451613,6.853870967741935,15324.532258064517,37.864838709677414,23.320967741935487,9,4460100,1,0,0
2023-09-30,57.33,2.2800000000000002,18.680333333333337,11.389000000000001,0.925,7.192333333333334,15436.229666666668,38.04333333333333,24.861333333333334,10,5547181,1,0,0
2023-10-31,56.42,2.56,18.802903225806453,11.48709677419355,0.7335483870967742,6.858387096774193,15822.654838709677,37.82612903225806,22.827741935483875,9,5538389,0,0,0
2023-11-30,61.37,2.86,21.258666666666667,11.949,0.8683333333333334,7.454666666666667,15701.216333333334,38.516,23.506000000000004,8,5724711,0,0,0
2023-12-31,61.51,2.6100000000000003,23.142903225806453,12.979032258064517,0.9712903225806452,9.09,15583.52935483871,48.80741935483871,32.97774193548387,20,7514043,1,1,0
2024-01-31,51.73,2.5700000000000003,17.00193548387097,11.860322580645162,0.7812903225806451,6.524193548387097,15689.185161290323,41.068709677419356,22.302258064516128,9,6575224,1,0,0
2024-02-29,51.08,2.75,16.594827586206897,9.904827586206897,0.6244827586206896,5.256896551724138,15740.793103448275,41.786206896551725,20.7951724137931,11,6591103,1,0,0
2024-03-31,44.08,3.05,17.469032258064516,9.652258064516127,0.8296774193548386,5.1093548387096765,15785.598387096774,43.825161290322576,15.499354838709676,14,6516141,1,1,0
2024-04-30,43.47,3.0,16.950333333333333,11.811666666666667,0.9333333333333333,6.293666666666667,16132.660333333333,48.54566666666667,27.624333333333333,17,6717681,1,1,0
2024-05-31,52.79,2.8400000000000003,20.49483870967742,10.555483870967741,0.6887096774193548,5.749677419354839,16152.523548387097,47.596774193548384,23.057741935483868,13,7003491,1,0,0
2024-06-30,51.54,2.5100000000000002,20.653000000000002,10.578333333333335,0.9333333333333333,6.373666666666667,16414.296333333335,49.89433333333333,27.130999999999997,17,6400253,1,1,0
2024-07-31,54.23,2.13,22.312580645161287,10.744516129032258,0.6987096774193549,6.033225806451613,16337.28129032258,52.501935483870966,24.738064516129032,13,6306388,1,1,0
2024-08-31,53.28,2.12,20.25709677419355,10.336451612903225,0.4661290322580645,5.241935483870968,15877.670967741935,48.50806451612903,23.53870967741935,9,6859892,1,0,0
2024-09-30,53.47,1.8399999999999999,20.133333333333333,10.980333333333334,0.4436666666666667,5.253666666666666,15401.054,47.901666666666664,25.226999999999997,10,8325083,1,0,0
2024-10-31,59.78,1.71,18.873548387096776,9.423548387096774,0.5390322580645162,5.556129032258065,15621.235483870967,45.04290322580645,27.31483870967742,8,8564371,0,0,0
2024-11-30,60.53,1.55,18.508666666666667,9.325,0.516,5.337666666666666,15893.035333333333,49.373666666666665,19.236,9,8489690,0,0,0
2024-12-31,62.05,1.5699999999999998,21.748709677419356,10.574838709677419,0.7941935483870968,6.333225806451613,16127.136451612903,57.63967741935484,27.14032258064516,16,8883921,1,1,0
2025-01-31,53.5,0.76,17.82967741935484,10.476774193548389,0.7035483870967741,6.622258064516129,16334.653870967742,53.32225806451613,23.901935483870968,14,7771684,1,1,0
2025-02-28,59.07,-0.09,17.025714285714283,9.483214285714286,0.7714285714285715,5.251071428571429,16410.28607142857,44.879999999999995,17.41821428571429,10,7942806,0,1,0
2025-03-31,38.26,1.03,14.074838709677419,9.39774193548387,0.7248387096774194,5.2135483870967745,16554.199032258064,48.41290322580645,12.92451612903226,15,7460546,1,1,0
2025-04-30,46.86,1.95,14.443333333333333,10.270666666666667,0.764,6.803333333333333,16848.391666666666,50.788000000000004,23.888666666666666,14,8000591,1,0,0
2025-05-31,51.31,1.6,14.801935483870968,7.791935483870967,0.4890322580645161,5.835806451612903,16518.66612903226,47.810645161290324,21.02709677419355,13,8247240,1,0,0
2025-06-30,52.35,1.87,15.852666666666666,8.964666666666666,0.9436666666666667,6.581,16385.153666666665,49.665333333333336,21.587,13,8508931,1,1,0
2025-07-31,55.91,2.37,17.285806451612903,9.362580645161291,0.9112903225806451,6.298387096774194,16354.268064516129,50.307096774193546,20.289677419354838,17,8604137,0,1,0
