Category: All categories,,,,,,,,,,,,,,,,,,,,,,,,,,,,,,,,,,,,
,,,,,,,,,,,,,,,,,,,,,,,,,,,,,,,,,,,,
Day,tempat wisata jakarta: (Indonesia),wisata jakarta: (Indonesia),liburan ke jakarta: (Indonesia),hotel jakarta: (Indonesia),hotel murah jakarta: (Indonesia),penginapan jakarta: (Indonesia),booking hotel jakarta: (Indonesia),staycation jakarta: (Indonesia),tiket pesawat ke jakarta: (Indonesia),harga tiket pesawat ke jakarta: (Indonesia),penerbangan ke jakarta: (Indonesia),bandara soekarno hatta: (Indonesia),jadwal penerbangan jakarta: (Indonesia),tiket kereta ke jakarta: (Indonesia),kereta ke jakarta: (Indonesia),jadwal kereta ke jakarta: (Indonesia),bus ke jakarta: (Indonesia),travel ke jakarta: (Indonesia),tol menuju jakarta: (Indonesia),kapal ke jakarta: (Indonesia),pelabuhan muara angke: (Indonesia),wisata pulau seribu: (Indonesia),kuliner jakarta: (Indonesia),tempat makan jakarta: (Indonesia),cafe jakarta: (Indonesia),mall jakarta: (Indonesia),event jakarta: (Indonesia),blok m: (Indonesia),grand indonesia: (Indonesia),ancol jakarta: (Indonesia),monas: (Indonesia),tmii: (Indonesia),kota tua jakarta: (Indonesia),dufan: (Indonesia),ragunan: (Indonesia),pulau seribu: (Indonesia)
8/1/2025,0,7,0,78,0,0,0,0,62,57,0,81,9,9,36,0,54,0,0,34,0,0,0,18,68,17,3,72,37,2,15,9,2,17,12,81
8/2/2025,0,5,0,72,0,0,0,0,82,0,0,71,0,0,43,0,67,0,0,0,0,0,19,23,78,19,4,94,57,0,21,11,2,21,12,64
8/3/2025,0,11,0,64,0,0,0,0,64,0,0,80,0,13,52,0,31,0,0,0,0,0,0,23,72,15,3,79,53,3,23,7,3,13,15,97
8/4/2025,0,11,0,69,0,52,0,0,96,0,0,73,0,0,39,0,54,0,0,0,0,0,0,0,53,14,4,47,29,4,14,5,0,12,10,97
8/5/2025,0,7,0,69,0,42,0,0,58,0,0,68,0,0,37,0,49,22,0,0,0,0,0,0,57,12,4,53,27,3,17,6,2,12,9,74
8/6/2025,0,11,0,71,0,0,0,0,53,0,11,69,24,0,34,0,30,22,0,35,0,0,0,0,59,13,0,62,32,2,14,6,2,13,12,62
8/7/2025,0,11,0,80,0,0,0,0,83,52,11,72,0,9,37,27,54,32,0,27,0,0,0,15,74,15,5,57,32,4,19,6,0,10,9,85
8/8/2025,0,9,0,79,0,0,0,0,64,0,12,83,0,9,36,0,55,0,0,29,0,0,0,20,82,19,3,68,42,3,12,7,2,10,9,80
8/9/2025,0,5,0,74,0,0,0,0,60,0,0,69,13,0,28,0,40,0,0,0,0,0,0,0,100,20,4,90,51,4,21,12,2,13,16,88
8/10/2025,0,11,0,59,0,0,0,0,68,0,15,75,0,0,37,0,42,31,0,0,0,0,0,18,72,17,4,71,44,2,19,9,2,11,10,46
8/11/2025,4,9,0,78,0,0,0,0,53,0,15,69,0,0,26,0,51,0,0,25,0,0,0,21,57,12,4,49,26,3,14,7,0,12,8,59
8/12/2025,0,6,0,77,4,0,0,0,88,0,0,69,0,11,37,0,42,21,0,0,0,0,0,0,46,12,4,52,26,2,18,6,2,9,9,90
8/13/2025,0,10,0,69,0,66,0,0,75,0,9,79,0,0,32,0,44,0,0,22,0,0,0,0,57,15,3,57,29,3,19,8,0,11,8,58
8/14/2025,0,9,0,70,0,0,0,0,83,0,0,79,13,17,35,0,57,33,0,0,0,0,16,0,68,16,4,60,34,4,19,8,0,11,10,56
8/15/2025,4,10,0,70,0,0,0,0,93,66,0,72,0,9,36,0,29,36,0,0,0,0,0,21,48,15,4,68,36,0,20,10,0,9,18,61
8/16/2025,5,11,0,70,0,0,0,0,68,0,0,58,0,0,37,0,41,0,0,0,0,0,0,21,63,17,3,80,49,2,43,7,0,10,15,61
8/17/2025,0,10,0,49,0,0,0,0,63,0,0,74,0,0,35,35,55,0,0,0,0,0,19,0,65,18,4,83,60,5,89,14,3,12,15,55
8/18/2025,5,10,0,80,0,0,0,0,54,0,16,73,13,0,36,0,59,27,0,36,0,0,0,0,62,18,3,68,38,3,24,8,0,11,13,77
8/19/2025,0,8,0,77,0,47,0,0,66,0,0,87,0,10,36,0,36,25,0,0,0,0,0,15,40,12,4,48,28,4,15,5,3,12,9,56
8/20/2025,4,10,0,78,0,0,0,0,84,0,14,85,0,12,34,0,38,0,0,23,0,0,0,0,51,12,3,48,31,3,14,5,2,10,10,86
8/21/2025,0,6,0,73,0,0,0,0,45,0,14,68,0,0,38,0,40,0,0,0,0,0,18,0,53,12,3,50,31,5,19,5,2,11,6,54
8/22/2025,0,10,0,82,0,0,0,0,0,0,15,80,0,0,42,0,46,0,0,34,0,0,18,0,52,17,3,63,41,2,17,8,0,14,10,99
8/23/2025,0,6,0,65,0,0,0,0,67,0,0,75,0,0,33,0,30,25,0,28,0,0,0,0,66,16,4,84,45,5,23,11,2,16,13,55
8/24/2025,0,8,0,60,0,0,0,0,76,0,14,82,13,0,36,0,47,0,0,25,0,0,0,0,54,16,4,71,43,0,19,8,0,10,11,39
8/25/2025,0,9,0,76,0,0,0,0,64,0,13,88,0,0,34,0,33,23,0,0,0,0,0,0,50,12,3,45,28,0,19,5,3,11,7,65
8/26/2025,0,8,0,73,0,0,0,0,47,0,12,73,0,0,34,0,56,26,0,0,0,0,0,19,58,10,3,56,28,3,18,5,0,13,8,79
8/27/2025,0,10,0,77,0,0,0,0,55,0,0,84,0,12,32,0,51,0,0,0,0,0,0,0,48,11,5,57,28,4,19,4,0,12,9,64
8/28/2025,0,9,0,74,0,0,0,0,43,0,11,58,0,0,25,0,44,0,0,0,0,0,0,0,57,12,3,50,25,0,20,3,2,10,10,56
8/29/2025,0,6,0,66,0,0,0,0,68,0,9,87,0,9,39,0,49,0,0,30,0,0,0,0,32,18,0,47,22,2,19,7,0,11,9,52
8/30/2025,0,7,0,59,0,0,0,0,72,0,0,100,0,0,23,0,31,0,0,0,0,0,0,0,38,17,3,47,22,0,15,6,0,9,9,61
8/31/2025,0,0,0,43,0,0,0,0,66,0,11,90,0,0,26,0,32,0,0,0,0,0,0,21,37,12,0,31,21,0,16,4,0,6,7,56
9/1/2025,0,8,0,50,0,0,0,0,65,0,0,68,0,0,16,0,33,26,0,0,0,0,0,0,36,10,3,29,16,0,21,5,0,6,6,57
9/2/2025,4,11,0,51,0,44,0,0,68,0,8,69,8,8,29,0,41,29,0,27,0,0,0,0,41,12,0,36,16,3,20,5,2,9,6,84
9/3/2025,3,8,0,54,0,0,0,0,79,51,10,75,0,9,42,0,34,20,0,20,0,0,0,0,49,12,0,50,21,0,17,6,2,8,7,35
9/4/2025,0,12,0,59,0,43,0,0,81,0,11,62,0,8,42,0,56,25,0,0,0,0,17,0,58,14,3,56,30,2,18,7,2,15,10,90
9/5/2025,0,6,0,64,5,0,0,0,0,44,0,69,0,0,28,0,51,28,0,30,0,0,0,15,69,18,2,75,34,2,16,7,2,11,14,68
9/6/2025,0,8,0,58,0,0,0,0,93,80,0,66,0,0,32,0,0,0,0,0,0,0,0,20,68,15,2,71,40,4,24,8,2,12,15,62
9/7/2025,0,8,0,48,0,0,0,0,55,0,0,77,9,0,36,0,55,0,0,36,0,0,15,18,53,13,4,66,38,2,16,6,0,10,12,37
9/8/2025,0,8,0,66,0,38,0,0,61,51,11,63,10,0,26,0,37,0,0,22,0,0,0,0,50,8,3,46,21,2,13,4,0,6,7,52
9/9/2025,0,7,0,59,0,0,0,0,59,0,12,70,0,0,30,0,27,0,0,26,0,0,18,14,33,10,2,39,22,3,13,6,2,9,8,71
9/10/2025,0,9,0,64,0,0,0,0,78,0,12,68,0,0,28,0,48,0,0,0,0,0,0,0,43,12,2,46,24,0,15,7,0,10,9,79
9/11/2025,0,7,0,66,0,0,0,0,55,0,12,79,0,0,30,0,48,20,0,0,0,0,0,15,55,9,3,48,30,3,14,8,2,9,9,54
9/12/2025,0,5,0,59,0,0,0,0,72,0,0,68,0,0,31,0,44,0,0,27,0,0,0,28,56,12,7,57,38,0,11,7,2,9,9,68
9/13/2025,0,8,0,64,5,0,0,0,69,0,10,51,0,10,37,0,39,0,0,0,0,0,0,0,81,15,4,74,41,3,15,10,0,10,11,64
9/14/2025,0,9,0,48,0,0,0,0,96,63,0,59,0,0,34,0,36,22,0,0,0,0,0,14,50,12,0,60,34,2,17,7,2,9,13,69
9/15/2025,0,8,0,63,0,45,0,0,70,42,13,65,9,0,36,23,46,21,0,0,0,0,16,0,24,12,3,46,21,2,13,5,2,11,5,58
9/16/2025,4,6,0,69,0,0,0,0,74,0,14,70,0,0,29,0,28,0,0,26,0,0,0,0,39,12,4,46,24,3,18,5,2,9,7,58
9/17/2025,0,8,0,66,0,0,0,0,61,0,0,78,0,0,24,0,32,0,0,0,0,0,16,14,67,11,2,47,22,3,15,6,2,11,7,44
9/18/2025,4,8,0,72,0,0,0,0,62,0,0,77,0,0,32,0,35,0,0,0,0,0,0,24,56,12,3,51,24,3,14,6,3,10,8,56
9/19/2025,0,9,0,69,0,46,0,0,83,0,0,70,0,0,28,0,39,23,0,22,0,0,0,0,50,14,3,60,32,5,20,7,2,8,10,73
9/20/2025,0,7,0,66,0,0,0,0,46,0,9,77,0,0,31,0,31,0,0,23,0,0,17,20,76,11,3,79,43,3,36,11,2,9,10,45
9/21/2025,0,6,0,59,0,0,0,0,0,0,0,68,0,0,31,0,39,0,0,0,0,0,0,0,67,13,2,67,41,0,31,6,0,8,10,44
9/22/2025,0,9,0,68,0,0,0,0,80,0,9,76,0,0,36,19,44,36,0,0,0,0,0,0,37,10,2,49,24,3,17,8,0,14,8,81
9/23/2025,0,5,0,68,0,0,0,0,42,0,12,70,9,0,31,0,36,0,0,21,0,0,0,0,54,14,3,51,27,2,16,7,0,11,8,65
9/24/2025,4,10,0,74,0,0,0,0,58,75,0,67,9,8,43,0,37,0,0,26,0,0,0,0,63,12,3,50,25,2,20,6,0,10,9,63
9/25/2025,0,9,0,69,0,0,0,0,0,0,15,78,8,0,31,0,43,0,0,23,0,0,0,20,67,16,0,56,29,0,20,9,0,11,8,64
9/26/2025,0,9,0,86,0,0,0,0,63,0,11,70,0,9,44,0,56,0,0,0,0,0,0,20,70,14,2,69,39,2,19,6,2,14,12,79
9/27/2025,0,9,0,63,0,0,0,0,50,0,9,76,0,0,43,0,52,0,0,0,0,0,24,19,90,19,4,84,48,4,25,9,0,13,12,57
9/28/2025,0,12,0,61,0,50,0,0,73,0,0,79,0,0,37,0,46,25,0,0,0,0,18,23,63,18,0,77,40,4,27,7,0,14,15,66
9/29/2025,0,8,0,64,0,0,0,0,70,40,12,81,0,9,44,0,56,0,0,22,0,0,0,0,39,12,4,50,28,4,20,7,2,13,9,66
9/30/2025,0,9,0,68,0,0,0,0,70,0,10,58,0,9,30,20,33,26,0,0,0,0,0,13,40,11,3,51,26,2,21,5,2,11,10,73
10/1/2025,0,7,0,68,0,40,0,0,68,0,0,72,0,0,32,0,51,22,0,29,0,0,0,0,43,12,3,52,25,3,24,5,2,10,8,72
10/2/2025,0,10,0,78,0,0,0,0,64,0,9,78,0,12,30,0,64,0,0,0,0,0,0,0,55,12,3,57,33,4,30,5,0,10,7,41
10/3/2025,0,8,0,77,0,0,0,0,57,0,0,75,14,9,32,0,57,33,0,0,0,0,0,24,59,14,3,70,43,0,49,6,0,12,11,79
10/4/2025,0,9,0,70,0,0,0,0,80,0,0,66,0,0,30,0,35,30,0,0,0,0,19,19,69,21,3,91,55,3,88,8,3,16,15,37
10/5/2025,5,8,0,67,4,58,0,0,0,0,11,68,0,0,28,0,50,0,0,0,0,0,0,17,34,16,4,71,41,3,100,8,0,11,13,47
10/6/2025,0,8,0,73,0,0,0,0,70,0,0,73,11,0,37,24,34,23,0,29,0,0,29,0,50,14,0,58,24,3,24,8,0,12,9,82
10/7/2025,0,8,0,73,0,0,0,0,75,0,0,66,0,0,31,0,50,0,0,24,0,0,0,0,57,13,3,52,21,0,18,7,0,11,8,70
10/8/2025,0,13,0,79,0,41,0,0,61,0,0,66,11,0,28,0,46,0,0,23,0,0,0,0,60,10,0,51,28,2,12,6,2,12,8,68
10/9/2025,0,8,0,81,4,0,0,0,71,0,10,63,0,0,31,0,53,0,0,0,0,0,0,0,62,13,4,52,29,3,16,6,0,12,13,81
10/10/2025,0,10,0,79,0,0,0,0,59,0,10,72,9,0,29,0,51,0,0,0,0,0,0,15,60,14,4,67,35,2,15,7,2,10,20,72
10/11/2025,0,13,0,79,0,0,0,0,82,0,0,51,0,0,32,0,52,0,0,23,0,0,23,22,83,17,3,91,41,0,24,11,0,14,22,73
10/12/2025,0,8,0,60,0,0,0,0,66,63,0,78,0,0,42,0,56,0,0,0,0,0,19,28,68,17,0,75,44,2,22,8,0,10,26,79
10/13/2025,0,8,0,73,0,0,0,0,79,0,0,75,0,11,42,0,58,29,0,31,0,0,0,16,50,14,3,54,26,0,15,6,0,13,14,100
10/14/2025,0,6,0,77,0,0,0,0,54,0,0,71,8,9,34,0,42,0,0,24,0,14,0,0,49,13,3,55,24,2,16,6,0,10,13,87
10/15/2025,0,9,0,81,0,0,0,0,68,0,0,75,0,0,30,0,44,0,0,22,0,0,0,21,54,13,3,55,29,3,16,6,0,11,11,67
10/16/2025,0,12,0,81,0,0,0,0,81,0,9,76,0,9,35,0,39,0,0,32,0,0,0,14,61,10,2,59,28,3,17,5,0,12,12,64
10/17/2025,0,10,0,75,0,0,0,0,53,0,13,88,0,0,51,0,25,0,0,0,0,0,0,18,74,16,2,72,37,0,28,8,0,15,15,39
10/18/2025,0,9,0,79,0,0,0,0,53,0,10,83,0,0,39,0,34,0,0,0,0,0,21,21,68,15,0,85,46,3,21,8,0,19,20,62
10/19/2025,0,11,0,61,0,0,0,0,70,0,0,71,0,0,40,0,54,24,0,25,0,0,27,0,72,16,4,73,40,0,22,9,3,16,20,51
10/20/2025,0,7,0,83,0,0,0,0,56,0,15,75,0,10,45,0,47,0,0,0,0,0,0,0,44,10,5,54,26,2,17,7,3,17,12,79
10/21/2025,0,9,0,75,0,0,0,0,71,0,0,83,9,0,26,0,41,0,0,30,0,0,16,0,61,13,6,54,24,2,14,7,2,12,12,75
10/22/2025,0,7,0,83,0,43,0,0,62,0,10,69,0,0,41,0,36,27,0,23,0,0,0,14,56,12,4,55,28,2,17,7,0,12,12,68
10/23/2025,0,9,0,75,0,0,0,0,55,0,13,68,0,0,38,0,33,29,0,21,15,0,0,0,69,13,4,52,25,3,17,7,2,11,11,78
10/24/2025,0,10,0,85,0,0,0,0,88,0,0,73,0,0,30,0,34,24,0,0,0,0,0,23,56,16,3,63,35,3,14,9,0,11,12,61
10/25/2025,0,10,0,68,0,0,0,0,74,56,11,77,0,9,32,0,57,29,0,0,0,0,0,0,72,18,3,93,45,3,15,10,2,14,22,63
10/26/2025,0,6,0,57,0,47,0,0,48,0,13,66,13,0,36,0,55,0,0,0,0,0,16,0,53,14,4,68,38,3,17,9,3,14,14,59
10/27/2025,0,9,0,72,0,0,0,0,64,0,8,80,10,0,29,0,25,0,0,25,0,0,0,18,52,16,3,57,26,3,15,10,2,13,10,67
10/28/2025,0,9,0,78,0,0,42,0,69,0,0,65,0,11,39,0,52,0,0,0,0,0,0,14,51,11,4,56,28,2,13,8,2,13,11,61
10/29/2025,0,7,0,100,4,0,0,0,67,0,0,79,0,0,45,0,49,28,0,24,0,0,0,0,60,8,5,60,30,5,15,7,0,12,8,72
10/30/2025,0,8,0,84,0,0,0,0,70,0,13,77,10,0,34,0,35,0,0,0,0,0,0,0,57,16,5,64,33,4,21,6,2,12,11,70
10/31/2025,0,9,0,91,0,0,0,0,75,0,13,80,0,0,38,0,62,23,0,0,0,0,0,0,69,16,3,74,41,4,14,6,3,14,11,48
11/1/2025,0,6,0,80,0,65,0,0,68,0,0,73,0,10,40,0,47,27,0,0,0,0,20,0,74,17,5,92,52,3,14,8,3,16,15,0
11/2/2025,0,6,0,81,0,0,0,0,65,0,11,66,0,0,37,0,40,0,0,26,0,0,0,28,53,18,2,94,45,0,14,9,0,13,17,65
11/3/2025,0,11,0,84,5,0,0,0,88,0,10,71,0,0,30,0,51,21,0,31,0,0,0,0,30,14,4,66,31,0,10,9,0,14,10,70
11/4/2025,0,6,0,69,0,0,0,0,64,0,13,68,0,0,35,0,56,0,0,21,0,0,14,0,48,14,3,59,28,2,13,6,2,15,9,67
11/5/2025,0,8,0,82,0,0,0,0,71,0,9,86,0,15,33,0,36,0,0,21,0,0,0,0,53,13,4,54,29,3,12,6,3,13,9,65
11/6/2025,5,8,0,78,0,0,0,0,69,0,13,74,0,0,37,0,52,0,0,0,0,0,0,0,59,16,4,63,37,4,11,6,0,12,10,44
11/7/2025,5,12,0,81,0,0,0,0,69,0,10,74,0,9,31,0,55,30,0,0,0,0,0,0,67,15,3,78,41,5,14,6,0,11,13,83
11/8/2025,4,11,0,75,0,0,0,0,51,0,9,63,11,0,42,0,42,0,0,56,0,0,0,22,66,17,0,100,50,4,15,10,2,17,20,0
11/9/2025,0,8,0,80,4,0,0,0,67,50,11,67,0,0,42,0,41,0,0,0,0,0,0,19,56,19,5,84,49,3,18,6,0,17,16,66
11/10/2025,0,6,0,82,0,0,0,0,98,0,12,88,0,0,35,0,54,0,0,31,0,0,0,17,54,15,5,57,27,0,15,7,0,11,10,76
11/11/2025,0,9,0,82,0,0,0,0,57,0,11,81,0,0,26,0,40,0,0,0,0,0,0,16,39,21,4,56,30,3,13,7,2,14,11,59
11/12/2025,0,9,0,82,0,0,0,0,78,0,0,85,12,0,39,0,57,0,0,41,0,0,14,21,49,23,4,56,32,3,12,8,3,12,10,60
11/13/2025,0,6,0,89,0,0,0,0,54,0,11,78,0,0,28,0,37,0,0,25,0,0,0,0,60,18,4,55,28,3,14,8,0,12,10,53
11/14/2025,0,11,0,85,0,0,0,0,88,45,0,92,10,9,38,0,63,0,0,34,0,0,16,18,55,17,5,76,39,3,15,8,0,16,12,73
11/15/2025,0,11,0,79,0,0,0,0,68,0,0,63,11,0,37,0,47,0,0,23,0,0,0,0,78,28,5,99,48,5,21,9,0,14,15,81
11/16/2025,0,10,0,65,0,0,0,0,59,0,0,79,0,0,42,0,57,24,0,28,0,0,0,0,61,19,4,77,45,3,19,7,4,14,16,75
11/17/2025,5,7,0,89,4,0,0,0,90,0,12,72,0,0,44,0,47,0,0,22,0,0,0,15,54,13,7,55,27,4,14,7,0,14,9,57
11/18/2025,0,6,0,84,0,0,0,0,77,0,0,69,0,9,37,0,24,0,0,21,0,0,0,19,49,14,3,49,27,2,10,7,0,11,9,43
11/19/2025,4,11,0,84,0,0,0,0,88,0,15,77,0,0,39,0,63,26,0,28,0,0,0,15,73,13,5,54,31,4,14,8,3,9,9,54
11/20/2025,0,5,0,84,0,0,0,0,87,0,0,69,0,11,37,0,51,0,0,0,0,0,0,18,51,17,4,59,28,3,14,6,0,12,12,84
11/21/2025,0,4,0,77,5,0,0,0,96,0,0,80,0,0,42,0,58,25,0,0,0,0,0,0,70,18,2,70,37,3,13,10,0,12,14,59
11/22/2025,0,9,0,82,0,0,0,0,63,0,9,76,0,0,34,0,53,0,0,39,0,0,20,23,74,20,5,91,47,0,19,7,0,12,13,61
11/23/2025,0,5,0,66,0,0,0,0,87,0,0,73,0,0,33,0,60,0,0,0,0,0,0,16,71,18,5,78,45,0,15,7,0,14,14,51
11/24/2025,0,12,0,77,0,56,0,0,96,48,13,65,0,0,39,22,35,0,0,24,0,0,0,0,48,15,5,55,29,0,12,8,0,12,10,92
11/25/2025,0,0,0,94,0,0,0,0,93,0,0,73,0,11,32,0,42,24,0,0,0,0,0,17,63,15,0,55,31,4,11,7,2,12,9,79
11/26/2025,0,9,0,77,0,0,0,0,100,55,12,78,9,9,31,0,63,0,0,29,0,0,0,0,49,13,4,60,33,2,11,7,0,12,8,66
11/27/2025,0,5,0,76,4,0,0,0,65,0,17,76,0,0,39,0,54,0,0,0,0,0,0,18,55,22,3,59,35,4,14,8,0,12,10,86
11/28/2025,0,10,0,83,0,0,0,0,100,69,15,81,20,0,31,0,100,30,0,25,0,0,0,25,61,21,6,79,47,3,16,8,0,15,13,54
11/29/2025,0,10,0,84,0,0,0,0,79,0,0,63,0,10,31,0,63,24,0,0,0,0,0,26,69,22,4,94,57,3,15,11,3,14,15,60
11/30/2025,0,9,0,62,0,0,0,0,71,0,9,70,0,0,36,0,44,28,0,0,0,0,0,0,44,18,5,71,53,3,17,8,0,13,13,99
